Site.Name.NOAA,Site.Name.SRSC
Boat Ramp,Freshwater Sl Boat Ramp
Brown Point,Brown Point (X)
Brown's Point,Brown Point (X)
Brown's Slough Dike Side,Browns Sl Diked Side
Browns Slough Diked Side,Browns Sl Diked Side
Browns Slough Out Side,Browns Sl Barrow Ch
Cattail,Cattail Saltmarsh
Deepwater,DW Reference E Blind
Deepwater,Deepwater
Dugualla Bluff,Dugualla Bluff
Dugwalla,Dugualla Bluff
Dugwalla Bluff,Dugualla Bluff
Fir Island Farms,Fir Island Farms
Freshwater Pond,FWP New Site
Freshwater Pond,Freshwater Pond New
Freshwater Pond New,FWP New Site
Goat Island,Goat Is
Goat Island,Goat Island
Grain of Sand,Grain of Sand
Hoypus,Hoypus Pt E
Ika Lower,Ika Lower
Ika Upper,Ika Upper
Lone Tree Point,Lone Tree Pt
Mariners Bluff,Mariners Bluff
Random (waypoint0333),Random Middle 432
Random 1 2016-05-31 Utsalady Point,Random South 1548
Random 2 2016-05-31 Maple Grove,Random South 1578
Random 364,Random Middle 364
Random 364,Random X 364
Random Middle 433,Random Middle 433
Random North 1041,Random North 1041
Random near Camp Grande,Random South 1625
Strawberry Point North,Strawberry Pt N
Tom Moore,Tom Moore
Turner,Turners Spit N
Turner Spit,Turners Spit N
Turner's Spit,Turners Spit N
Turners Spit N,Turners Spit N
Wylie Boat Ramp,Freshwater Sl Boat Ramp
Wylie Boat Ramp,Wylie Boat Ramp
